Week,Day,Date,Track,Primary Task,Detailed Subtasks,Owner,Estimate (hrs),Dependencies,Definition of Done,Status,Risk,Notes
1,Mon,2026-06-15,Product+Tech,"Finalize scope, architecture, and delivery baseline","Lock PRD v1; finalize UX flows for Consumer/Provider/Admin; define data model draft; define env strategy for local+PythonAnywhere; create repo standards (branching, PR template, coding standards)",PM+Tech Lead+Design,8,None,"PRD approved, architecture diagram signed off, backlog created, standards documented",Completed,Medium,"PRD, backlog, architecture, and repo standards docs completed"
1,Tue,2026-06-16,Design System+Frontend,"Build design system and app shell","Create Union Jack design tokens (navy/crimson/ice/champagne); typography scale; component library (buttons/cards/badges/forms/modals/toasts); responsive layout framework",Design+Frontend,8,"PRD and UX flows","Shared UI kit live; all 3 portal shells render on desktop/mobile",Completed,Low,"Design component inventory documented; responsive shell confirmed"
1,Wed,2026-06-17,Backend Foundation,"Set up Flask modular structure and config","Blueprints for consumer/provider/admin; app factory; config per environment; error handlers; CSRF strategy; session and auth scaffolding; base logging",Backend,8,"Architecture baseline","Modular Flask app runs with health endpoint and structured logs",Completed,Medium,"App factory + blueprints + config classes + health endpoint implemented"
1,Thu,2026-06-18,Data+Infra,"Database schema and migration baseline","Define entities (users, providers, services, postcodes, projects, chats, pinboards, subscriptions, invoices, audits, flags, taxonomy); add migrations; seed initial taxonomy and provider tiers",Backend+DB,8,"Backend structure","Migrations pass and seed command loads deterministic sample data",Completed,Medium,"SQLAlchemy models added; Alembic initialized; initial migration generated/applied; seed command works"
1,Fri,2026-06-19,QA+Ops,"CI/CD and quality gates","Add lint/format/test pipeline; coverage threshold; basic load test harness; deployment checklist for PythonAnywhere; secret management doc",DevOps+QA,8,"Repo standards and app structure","Green CI on main with baseline tests and deployment runbook",Completed,Medium,"Lint gate passing, tests passing, coverage gate passing, smoke-load harness passing, deployment and secrets docs completed"
2,Mon,2026-06-22,Consumer Chat,"Implement Marley intent detection v1","Keyword+rule intent mapping; confidence score; fallback prompts; ambiguous intent handling; conversation state machine; chat transcript persistence",Backend+Frontend,8,"Seed taxonomy and chat schema","User can describe need and Marley identifies service path with fallback",Completed,High,"Confidence scoring, ambiguity clarify step, fallback prompts, and persisted concierge transcripts implemented"
2,Tue,2026-06-23,Consumer Matching,"Postcode normalization and provider ranking","Validate UK postcodes; outward/inward parsing; postcode coverage matching; ranking by tier (premium>plus>basic) + verified boost + activity score",Backend,8,"Intent detection v1","Accurate ranked provider list returned in <500ms for seeded dataset",Completed,High,"Postcode normalization/splitting implemented; ranking now includes tier, verified, and activity score"
2,Wed,2026-06-24,Consumer Manual Search,"Category browser and search UX","5 top-level branches; drilldown pages; free-text search over taxonomy; provider cards with badges; empty state guidance",Frontend+Backend,8,"Taxonomy seed","Manual browse and chatbot results are consistent for same service",Completed,Medium,"Branch filter + free-text service search + empty states implemented"
2,Thu,2026-06-25,Clipboard Projects,"Project dashboard and saved providers","Create/edit/archive project; save/remove providers; project limits by consumer tier; pinboard attachment metadata; project timeline activity",Backend+Frontend,8,"Auth scaffold and subscription schema","Tier limits enforced and project CRUD fully functional",Completed,High,"Project creation with tier limits, provider save actions, pinboard item actions, and timeline tracking implemented"
2,Fri,2026-06-26,Realtime Messaging,"Chat threads + pinboard collaboration v1","User-provider 1:1 threads; send/read receipts; pinboard upload references (file metadata only initially); notifications in UI; moderation-ready message events",Backend+Frontend,8,"Project and provider linking","Two-way chat works with pinboard references and persisted history",Completed,High,"Project chat thread, unread notifications, thread pinboard, and moderation event hooks implemented"
3,Mon,2026-06-29,Provider Onboarding,"Provider registration and service mapping","KYC form fields; choose service branches/leaves; set travel postcodes; upload profile/logo/portfolio placeholders by tier allowance; pending verification state",Backend+Frontend,8,"Service taxonomy and provider schema","Provider signup flow persists and appears in admin verification queue",Completed,High,"Provider registration fields persist; onboarding checklist page and dashboard progress card implemented"
3,Tue,2026-06-30,Provider Dashboard,"Lead inbox and quote workflow","Lead cards by urgency; accept/decline lead; quote upload metadata to pinboard; lead status transitions; response-time metric capture",Backend+Frontend,8,"Realtime messaging and projects","Provider can process leads end-to-end with status tracking",Completed,Medium,"Lead workflow implemented with status transitions; provider queue filters by project service/location metadata"
3,Wed,2026-07-01,Subscriptions+BILLING,"Consumer and provider subscription plans","Plan catalog (consumer: free/student/individual/business/business+; provider: basic/plus/premium); entitlement middleware; upgrade/downgrade flows; billing status states",Backend+Product,8,"User/provider account models","Entitlements affect visibility, limits, and ranking logic correctly",Completed,High,"Plan catalogs and billing states implemented; entitlement checks enforce collaboration limits; provider ranking uses effective tier under billing states"
3,Thu,2026-07-02,Admin Core,"Verification, tier overrides, and bans","Admin screens to verify providers, adjust tier, suspend/reactivate accounts; role-based permissions; reason logging for each action",Backend+Frontend,8,"Provider onboarding and roles","All admin actions audited with actor, timestamp, reason, before/after state",Completed,High,"Admin role checks, verify/override/suspend/reactivate actions, reason capture, and before/after audit trail implemented"
3,Fri,2026-07-03,Safety+Taxonomy,"Safety flags and taxonomy manager","Abuse keyword detector + report button; flagged chat queue; case triage statuses; taxonomy CRUD with validation and versioning",Backend+Admin Ops,8,"Messaging events and admin core","Admin can review flagged chats and add new categories without code deploy",Completed,High,"Automated abuse detection + user report action, moderation triage statuses, taxonomy add/edit/deprecate/reactivate with validation and version history implemented"
4,Mon,2026-07-06,Analytics+BI,"Operational analytics dashboards","KPIs: active projects, conversion funnel, response times, tier distribution, geography heatmap by outward code; export CSV endpoints",Backend+Data+Frontend,8,"Event logging across flows","Admin analytics panels populated from live event/store data",Completed,Medium,"Live analytics service implemented for admin dashboard with conversion funnel, moderation health, provider tier distribution, geography heatmap, and CSV export endpoint"
4,Tue,2026-07-07,Performance+Security,"Hardening pass","Caching hot queries; DB index tuning; rate limiting; input validation sweep; CSRF/session hardening; authz penetration checks; secure headers",Backend+Security,8,"Core features complete","P95 page load and API latency meet target; no high-severity security findings",Completed,High,"Session cookie hardening, CSRF enforcement, form size limits, endpoint rate limiting, security headers, and analytics TTL cache implemented; validation suite updated and passing"
4,Wed,2026-07-08,Testing+UAT,"Comprehensive QA and bug triage","E2E scenarios for all 3 portals; regression suite; role/permission tests; edge-case postcode and intent tests; UAT session with stakeholders",QA+All,8,"Hardening baseline","All P0/P1 defects fixed or mitigated; UAT sign-off pending final fixes",Completed,High,"Regression suite expanded with auth/security and edge-case tests; timestamp warning root cause fixed; UAT scenarios and bug triage log documented"
4,Thu,2026-07-09,Deployment,"PythonAnywhere staging then production prep","WSGI config; env vars; static collection strategy; backup/restore scripts; monitoring hooks; staged rollout checklist; incident response playbook",DevOps+Backend,8,"QA/UAT near-complete","Staging stable and production release candidate tagged",In Progress,Medium,"Deployment runbook expanded; smoke and backup scripts added; staging checklist and incident playbook published"
4,Fri,2026-07-10,Launch+Handover,"Go-live readiness and handoff","Run launch checklist; final smoke tests; publish runbooks (support, moderation, billing ops); train operations team; define 30-day post-launch KPI targets",PM+Ops+Engineering,8,"Release candidate and staging signoff","Production launch approved; ownership and support model transferred",In Progress,Medium,"Launch handover checklist published; final go/no-go execution pending"
